{
"Activated Carbon": {
"A": 0.027027048,
"B": 0.028776982,
"C": 0.031055898,
"D": 0.017241212,
"E": 0.032128516,
"F": 0.032163744,
"G": 0.0269953,
"H": 0.024070024,
"I": 0.02441009,
"J": 0.02875399,
"K": 0.0384616184,
"L": 0.04347831,
"R": 0.033579964,
"S": 0.029644266,
"T": 0.033112576,
"U": 0.037974684,
"V": 0.030303022,
"W": 0.03571426
},
"Iron(II,III) Oxide Black": {
"A": 0.027027048,
"B": 0.021582738,
"C": 0.022774324,
"D": 0.01034466,
"E": 0.022088354,
"F": 0.020467836,
"G": 0.016431922,
"H": 0.015317288,
"I": 0.015459723,
"J": 0.019169326,
"K": 0.0,
"L": 0.0,
"R": 0.01992032,
"S": 0.0217391292,
"T": 0.019867544,
"U": 0.025316456,
"V": 0.022727268,
"W": 0.01785713
},
"Sodium Bicarbonate": {
"A": 0.83783852,
"B": 0.98561176,
"C": 0.9979295,
"D": 0.9103446,
"E": 0.9618474,
"F": 0.9780701,
"G": 0.8356806,
"H": 0.7935814,
"I": 0.7331163,
"J": 0.827475936,
"K": 0.8461555,
"L": 0.8260879,
"R": 0.9191804,
"S": 0.87351776,
"T": 0.9205295,
"U": 0.9113924,
"V": 0.90909064,
"W": 0.8571423
},
"Talc": {
"A": 0.97297376,
"B": 1.0719426,
"C": 1.0393374,
"D": 1.027586,
"E": 1.0441767,
"F": 1.0423976,
"G": 0.85445992,
"H": 0.86068576,
"I": 0.85435316,
"J": 0.859424736,
"K": 0.8846172,
"L": 0.9130445,
"R": 0.9920319,
"S": 0.9347825,
"T": 0.9999997,
"U": 0.9746836,
"V": 0.96212092,
"W": 0.9285708
},
"Ascorbic Acid": {
"A": 0.7837844,
"B": 0.8848922,
"C": 0.8799171,
"D": 0.8517239,
"E": 0.9036145,
"F": 0.9122807,
"G": 0.79929568,
"H": 0.7709702,
"I": 0.72009768,
"J": 0.7923322,
"K": 0.807693936,
"L": 0.7826096,
"R": 0.8776324,
"S": 0.82608696,
"T": 0.8609269,
"U": 0.84810132,
"V": 0.86363616,
"W": 0.821428
},
"Magnesium Carbonate": {
"A": 1.054055,
"B": 1.1942448,
"C": 1.1759834,
"D": 1.1413791,
"E": 1.1927712,
"F": 1.2002924,
"G": 0.930751,
"H": 0.8986142,
"I": 0.87794952,
"J": 0.9520765,
"K": 0.9615404,
"L": 1.0000012,
"R": 1.1337507,
"S": 1.0948616,
"T": 1.1258276,
"U": 1.113924,
"V": 1.1212118,
"W": 1.089285
},
"Epsom Salt (Magnesium Sulfate)": {
"A": 0.7297303,
"B": 0.848921,
"C": 0.8509316,
"D": 0.8034481,
"E": 0.83734936,
"F": 0.8406433,
"G": 0.7159623,
"H": 0.7016777,
"I": 0.6623271,
"J": 0.7028753,
"K": 0.7307707,
"L": 0.7391313,
"R": 0.7888446,
"S": 0.7509881,
"T": 0.7748342,
"U": 0.759493636,
"V": 0.7803028,
"W": 0.7321424
},
"Red Clay": {
"A": 0.3783787,
"B": 0.25899284,
"C": 0.204968932,
"D": 0.21034466,
"E": 0.236947792,
"F": 0.25584792,
"G": 0.23591546,
"H": 0.30853394,
"I": 0.382424736,
"J": 0.4153354,
"K": 0.34615456,
"L": 0.34782648,
"R": 0.45133752,
"S": 0.47430824,
"T": 0.52317864,
"U": 0.49367084,
"V": 0.42424232,
"W": 0.410714
},
"Iron(III) Oxide Red": {
"A": 0.1621623,
"B": 0.07913671,
"C": 0.0434782584,
"D": 0.031034312,
"E": 0.04417671,
"F": 0.04385965,
"G": 0.050469472,
"H": 0.10576223,
"I": 0.20260374,
"J": 0.24920124,
"K": 0.15384647,
"L": 0.17391324,
"R": 0.22822994,
"S": 0.28853752,
"T": 0.33774824,
"U": 0.29113922,
"V": 0.21212116,
"W": 0.2321427
},
"Sulfur Powder": {
"A": 0.702703236,
"B": 0.48201448,
"C": 0.52380944,
"D": 0.70344808,
"E": 0.811245,
"F": 0.8406433,
"G": 0.78873224,
"H": 0.75784104,
"I": 0.72579336,
"J": 0.7571884,
"K": 0.76923232,
"L": 0.7391313,
"R": 0.82470116,
"S": 0.81225292,
"T": 0.8079468,
"U": 0.8227848,
"V": 0.83333316,
"W": 0.821428
},
"Magnesium Oxide": {
"A": 0.62162216,
"B": 0.6115109,
"C": 0.5817805,
"D": 0.56896524,
"E": 0.61044176,
"F": 0.6403509,
"G": 0.57394356,
"H": 0.5915391,
"I": 0.6135069,
"J": 0.6645366,
"K": 0.6153859,
"L": 0.65217468,
"R": 0.7034718,
"S": 0.7233201,
"T": 0.761589168,
"U": 0.734177236,
"V": 0.69696948,
"W": 0.678571
},
"Aluminum Sulfate": {
"A": 0.7297303,
"B": 0.805755568,
"C": 0.7888198,
"D": 0.768965236,
"E": 0.811245,
"F": 0.82017532,
"G": 0.6537558,
"H": 0.6513494,
"I": 0.6314076,
"J": 0.68690088,
"K": 0.69230916,
"L": 0.69565292,
"R": 0.7882755,
"S": 0.747035568,
"T": 0.7814567,
"U": 0.759493636,
"V": 0.7651513,
"W": 0.7321424
},
"Pink Clay": {
"A": 0.540541,
"B": 0.41726624,
"C": 0.358178,
"D": 0.38620672,
"E": 0.4116466,
"F": 0.42690056,
"G": 0.372065668,
"H": 0.44566016,
"I": 0.51830756,
"J": 0.5463258,
"K": 0.4615394,
"L": 0.5217397,
"R": 0.5987479,
"S": 0.59683792,
"T": 0.66887396,
"U": 0.62025316,
"V": 0.56818164,
"W": 0.5357139
},
"Bentonit": {
"A": 0.29729754,
"B": 0.223021616,
"C": 0.20082814,
"D": 0.20689638,
"E": 0.248995984,
"F": 0.2836257,
"G": 0.2664319,
"H": 0.2742524,
"I": 0.28071604,
"J": 0.30990412,
"K": 0.26923132,
"L": 0.30434816,
"R": 0.32669324,
"S": 0.335968368,
"T": 0.36423832,
"U": 0.354430368,
"V": 0.32575748,
"W": 0.32142836
},
"Potassium Nitrate": {
"A": 0.81081144,
"B": 0.8561153,
"C": 0.84265,
"D": 0.8103446,
"E": 0.8534137,
"F": 0.877193,
"G": 0.7523473,
"H": 0.7563823,
"I": 0.7469488,
"J": 0.789137236,
"K": 0.807693936,
"L": 0.8260879,
"R": 0.8525896,
"S": 0.8418972,
"T": 0.8940395,
"U": 0.886076,
"V": 0.8409089,
"W": 0.8035709
},
"Tartaric Acid": {
"A": 0.86486552,
"B": 0.96402892,
"C": 0.9440993,
"D": 0.94137912,
"E": 0.9618474,
"F": 0.95760224,
"G": 0.8345069,
"H": 0.82640416,
"I": 0.7957689,
"J": 0.827475936,
"K": 0.8461555,
"L": 0.86956616,
"R": 0.924302768,
"S": 0.8557312,
"T": 0.90066192,
"U": 0.886076,
"V": 0.9015149,
"W": 0.8571423
},
"Green Clay (Illite)": {
"A": 0.40540572,
"B": 0.35251804,
"C": 0.33126292,
"D": 0.3448274,
"E": 0.3875502,
"F": 0.425438584,
"G": 0.3931924,
"H": 0.3960613,
"I": 0.3962571,
"J": 0.4185303,
"K": 0.38461616,
"L": 0.3913048,
"R": 0.44166192,
"S": 0.44071144,
"T": 0.470198536,
"U": 0.4556962,
"V": 0.439393832,
"W": 0.42857116
},
"Kaolin (White Clay)": {
"A": 0.702703236,
"B": 0.6906476,
"C": 0.6645962,
"D": 0.68965496,
"E": 0.7349398,
"F": 0.7573099,
"G": 0.6725351,
"H": 0.6703137,
"I": 0.655004,
"J": 0.6932906,
"K": 0.69230916,
"L": 0.69565292,
"R": 0.7757541,
"S": 0.7509881,
"T": 0.7748342,
"U": 0.759493636,
"V": 0.7727271,
"W": 0.7499995
},
"Iron(II) Sulfate": {
"A": 0.351351632,
"B": 0.2517986,
"C": 0.23809522,
"D": 0.31379294,
"E": 0.34738956,
"F": 0.362573068,
"G": 0.37441308,
"H": 0.39095556,
"I": 0.3433686,
"J": 0.24920124,
"K": 0.34615456,
"L": 0.34782648,
"R": 0.35742744,
"S": 0.24505928,
"T": 0.25165556,
"U": 0.25316456,
"V": 0.31818172,
"W": 0.2857141
},
"Citric Acid": {
"A": 0.8918926,
"B": 1.0143886,
"C": 1.006211,
"D": 0.97241352,
"E": 1.0040162,
"F": 1.004386,
"G": 0.82746468,
"H": 0.8227572,
"I": 0.7925142,
"J": 0.82428104,
"K": 0.8461555,
"L": 0.86956616,
"R": 0.93966984,
"S": 0.87549408,
"T": 0.927152064,
"U": 0.9113924,
"V": 0.90909064,
"W": 0.8571423
},
"Borax (Sodium Tetraborate)": {
"A": 0.83783852,
"B": 0.935251936,
"C": 0.9213249,
"D": 0.893103264,
"E": 0.9236948,
"F": 0.92836252,
"G": 0.807511536,
"H": 0.80889868,
"I": 0.7827502,
"J": 0.8019168,
"K": 0.8461555,
"L": 0.86956616,
"R": 0.885600464,
"S": 0.83992092,
"T": 0.874172,
"U": 0.8607595,
"V": 0.86363616,
"W": 0.821428
},
"Calcium Carbonate (Chalk)": {
"A": 0.83783852,
"B": 0.92086344,
"C": 0.9026914,
"D": 0.86896532,
"E": 0.8955824,
"F": 0.91081864,
"G": 0.73708904,
"H": 0.735959236,
"I": 0.72091128,
"J": 0.760383236,
"K": 0.76923232,
"L": 0.7826096,
"R": 0.8719408,
"S": 0.87351776,
"T": 0.8940395,
"U": 0.8987342,
"V": 0.86363616,
"W": 0.83928516
}
}
